id,slug,title,url,http_code,final_url,reason
1615,smoke-test-publisher-intent,"SMOKE TEST — Publisher Intent",404,https://peoplerun.ai/smoke-test-publisher-intent/,error
1665,1665-2,"",404,https://peoplerun.ai/1665-2/,error
1661,untitled-2,"Untitled",404,https://peoplerun.ai/untitled-2/,error
1655,operate-clarity,"Clarity — Operate Mode",404,https://peoplerun.ai/operate-clarity/,error
1652,orientation-layer-first-system-build,"💎 Orientation Layer — First System Build",404,https://peoplerun.ai/orientation-layer-first-system-build/,error
1617,social-media-engine-operator-manual,"PeopleRun AI — Social Media Engine Operator Manual",404,https://peoplerun.ai/social-media-engine-operator-manual/,error
1613,social-engine-registry-workflow-v1,"PeopleRun AI — Social Engine Registry Workflow v1.0",404,https://peoplerun.ai/social-engine-registry-workflow-v1/,error
1611,surface-drift-audit-runner-v1,"PeopleRun AI — Surface Drift Audit Runner v1.0",404,https://peoplerun.ai/surface-drift-audit-runner-v1/,error
1609,prwp-wp-cli-wrapper-hard-surface-v1,"PeopleRun AI — PRWP WP-CLI Wrapper Hard Surface v1.0",404,https://peoplerun.ai/prwp-wp-cli-wrapper-hard-surface-v1/,error
1607,open-shop-execution-contract-v1-1,"PeopleRun AI — Open Shop Execution Contract v1.1",404,https://peoplerun.ai/open-shop-execution-contract-v1-1/,error
1605,open-shop-execution-contract-v1,"PeopleRun AI — Open Shop Execution Contract v1.0",404,https://peoplerun.ai/open-shop-execution-contract-v1/,error
1585,activation-queue,"PeopleRun AI — Activation Queue",404,https://peoplerun.ai/activation-queue/,error
1577,global-mutation-guard-v1,"💎 PeopleRun AI — Global Mutation Guard v1",404,https://peoplerun.ai/global-mutation-guard-v1/,error
1575,intelligence-authority-ledger-v1,"💎 PeopleRun AI — Intelligence Authority Ledger v2",404,https://peoplerun.ai/intelligence-authority-ledger-v1/,error
1565,hard-surface-entry,"Hard Surface Entry",404,https://peoplerun.ai/hard-surface-entry/,error
1368,peoplerun-os-canonical-indices-2,"[HOLD] peoplerun-os-canonical-indices (draft->private 1368)",404,https://peoplerun.ai/peoplerun-os-canonical-indices-2/,error
1534,canonical-indices-hub,"Canonical Indices Hub",404,https://peoplerun.ai/canonical-indices-hub/,error
1513,canonical-structure-in-practice-issue-15,"[HOLD] Canonical Structure, In Practice — Issue 15 (draft->private 1513)",404,https://peoplerun.ai/canonical-structure-in-practice-issue-15/,error
1511,canonical-structure-in-practice-issue-14,"[HOLD] Canonical Structure, In Practice — Issue 14 (draft->private 1511)",404,https://peoplerun.ai/canonical-structure-in-practice-issue-14/,error
1508,canonical-structure-in-practice-issue-13,"[ISSUE] Canonical Structure, In Practice Issue 13",404,https://peoplerun.ai/canonical-structure-in-practice-issue-13/,error
1507,release-registry,"PeopleRun AI — Release Registry",404,https://peoplerun.ai/release-registry/,error
1506,newsletter-archives,"[INDEX] PeopleRun AI — Newsletter Archives",404,https://peoplerun.ai/newsletter-archives/,error
979,canonical-structure-in-practice-newsletter-index,"[INDEX] Canonical Structure, In Practice — Newsletter Index",404,https://peoplerun.ai/canonical-structure-in-practice-newsletter-index/,error
1472,canonical-structure-in-practice-issue-12-2-dupe-20260202t044351z,"[ARCHIVE] Newsletter Issue Dupe (1472) — DO NOT LINK",404,https://peoplerun.ai/canonical-structure-in-practice-issue-12-2-dupe-20260202t044351z/,error
1466,canonical-structure-in-practice-newsletter-index-2,"[ARCHIVE] Canonical Structure, In Practice — Newsletter Index (dup 1466)",404,https://peoplerun.ai/canonical-structure-in-practice-newsletter-index-2/,error
1487,canonical-structure-in-practice-newsletter-index-3,"[ARCHIVE] Canonical Structure, In Practice — Newsletter Index (dup 1487)",404,https://peoplerun.ai/canonical-structure-in-practice-newsletter-index-3/,error
1470,canonical-structure-in-practice-issue-12,"[ISSUE] Canonical Structure, In Practice Issue 12",404,https://peoplerun.ai/canonical-structure-in-practice-issue-12/,error
1467,decommissioned-canonical-structure-duplicate,"[DECOMMISSIONED] Canonical Structure — Duplicate",404,https://peoplerun.ai/decommissioned-canonical-structure-duplicate/,error
1465,peoplerun-ai-control-surface-canonical-structure,"[CONTROL] PeopleRun AI — Control Surface — Canonical Structure",404,https://peoplerun.ai/peoplerun-ai-control-surface-canonical-structure/,error
364,router-x,"PeopleRun AI — Control Surface — Router X",404,https://peoplerun.ai/router-x/,error
1460,peoplerun-ai-control-surface-registry,"PeopleRun AI — Control Surface Registry",404,https://peoplerun.ai/peoplerun-ai-control-surface-registry/,error
1461,redirect-control-surface-registry,"[ARCHIVE] Redirect: Control Surface Registry (redirect->private 1461)",404,https://peoplerun.ai/redirect-control-surface-registry/,error
1458,public-signal-learning-loop-psll,"Public Signal Learning Loop (PSLL)",404,https://peoplerun.ai/public-signal-learning-loop-psll/,error
1452,indices-redirect,"[ARCHIVE] Indices (Redirect) (redirect->private 1452)",404,https://peoplerun.ai/indices-redirect/,error
1448,peoplerun-ai-social-analytics,"PeopleRun AI — Social Analytics",404,https://peoplerun.ai/peoplerun-ai-social-analytics/,error
1411,canonical-structure-in-practice-issue-11,"Canonical Structure, In Practice Issue 11",404,https://peoplerun.ai/canonical-structure-in-practice-issue-11/,error
1419,newsletter-issues-inventory,"Newsletter Issues Inventory",404,https://peoplerun.ai/newsletter-issues-inventory/,error
1410,hr-style-surface,"HR Style Surface",404,https://peoplerun.ai/hr-style-surface/,error
1367,peoplerun-os-canonical-indices,"PeopleRun OS — Canonical Indices",404,https://peoplerun.ai/peoplerun-os-canonical-indices/,error
1366,peoplerun-os-tour-proof-ledger,"PeopleRun OS — Tour Proof Ledger",404,https://peoplerun.ai/peoplerun-os-tour-proof-ledger/,error
1365,peoplerun-os-public-tour,"PeopleRun OS — Public Tour",404,https://peoplerun.ai/peoplerun-os-public-tour/,error
1359,phase-iv-proof-exit,"Phase IV — Proof Exit",404,https://peoplerun.ai/phase-iv-proof-exit/,error
1355,authoritative-input-node-ain-1-contract,"[ARCHIVE] Authoritative Input Node (AIN-1) — Contract (unlinked->private 1355)",404,https://peoplerun.ai/authoritative-input-node-ain-1-contract/,error
1347,untitled,"[ARCHIVE] Hard Surface Entry (old slug=untitled 1347)",404,https://peoplerun.ai/untitled/,error
961,system-map,"PeopleRun OS — System Map",404,https://peoplerun.ai/system-map/,error
1341,boot-hub,"Boot Hub",404,https://peoplerun.ai/boot-hub/,error
1340,phase-iv-the-one-inevitable-move,"Phase IV — The One Inevitable Move",404,https://peoplerun.ai/phase-iv-the-one-inevitable-move/,error
1339,peoplerun-os-surface-candidates-registry,"PeopleRun OS — Surface Candidates Registry",404,https://peoplerun.ai/peoplerun-os-surface-candidates-registry/,error
1338,voice-capture-%e2%86%92-draft-%e2%86%92-build-system,"[ARCHIVE] Voice Capture → Draft → Build System (pattern->private 1338)",404,https://peoplerun.ai/voice-capture-%e2%86%92-draft-%e2%86%92-build-system/,error
1337,phase-iv-b-adoption-closed-canonical,"Phase IV-B — Adoption Closed (Canonical)",404,https://peoplerun.ai/phase-iv-b-adoption-closed-canonical/,error
1336,peoplerun-os-adoption-execute-escalation-preview,"PeopleRun OS — Adoption Execute: Escalation Preview",404,https://peoplerun.ai/peoplerun-os-adoption-execute-escalation-preview/,error
1335,peoplerun-os-adoption-execute-whats-next,"PeopleRun OS — Adoption Execute: What’s Next",404,https://peoplerun.ai/peoplerun-os-adoption-execute-whats-next/,error
1334,peoplerun-os-adoption-execute-resume-after-pause,"PeopleRun OS — Adoption Execute: Resume After Pause",404,https://peoplerun.ai/peoplerun-os-adoption-execute-resume-after-pause/,error
1333,peoplerun-os-adoption-execute-insight-loop,"PeopleRun OS — Adoption Execute: Insight Loop",404,https://peoplerun.ai/peoplerun-os-adoption-execute-insight-loop/,error
1332,peoplerun-os-adoption-execute-value-loop,"PeopleRun OS — Adoption Execute: Value Loop",404,https://peoplerun.ai/peoplerun-os-adoption-execute-value-loop/,error
1331,iv-b-adoption-signals-metrics,"[ARCHIVE] IV-B — Adoption Signals &amp; Metrics (unlinked->private 1331)",404,https://peoplerun.ai/iv-b-adoption-signals-metrics/,error
1330,iv-b-usage-loops-return-triggers,"[ARCHIVE] IV-B — Usage Loops &amp; Return Triggers (unlinked->private 1330)",404,https://peoplerun.ai/iv-b-usage-loops-return-triggers/,error
1329,ep-iv-b-adoption-entry-paths,"[ARCHIVE] EP-IV-B — Adoption Entry Paths (unlinked->private 1329)",404,https://peoplerun.ai/ep-iv-b-adoption-entry-paths/,error
1328,sc-iv-b-adoption-success-criteria,"[ARCHIVE] SC-IV-B — Adoption Success Criteria (unlinked->private 1328)",404,https://peoplerun.ai/sc-iv-b-adoption-success-criteria/,error
1327,phase-iv-b-adoption-open,"Phase IV-B — Adoption Open",404,https://peoplerun.ai/phase-iv-b-adoption-open/,error
1326,phase-iv-a-activation-closed-canonical,"Phase IV-A — Activation Closed (Canonical)",404,https://peoplerun.ai/phase-iv-a-activation-closed-canonical/,error
1325,phase-iv-a-activation-closed,"Phase IV-A — Activation Closed",404,https://peoplerun.ai/phase-iv-a-activation-closed/,error
1321,peoplerun-os-activation-execute-verifier,"PeopleRun OS — Activation Execute: Verifier",404,https://peoplerun.ai/peoplerun-os-activation-execute-verifier/,error
1323,peoplerun-os-activation-execute-log-hook,"PeopleRun OS — Activation Execute: Log Hook",404,https://peoplerun.ai/peoplerun-os-activation-execute-log-hook/,error
1320,peoplerun-os-activation-execute-checklist,"PeopleRun OS — Activation Execute: Checklist",404,https://peoplerun.ai/peoplerun-os-activation-execute-checklist/,error
1319,peoplerun-os-activation-complete,"PeopleRun OS — Activation Complete",404,https://peoplerun.ai/peoplerun-os-activation-complete/,error
1318,peoplerun-os-what-you-must-not-change,"PeopleRun OS — What You Must Not Change",404,https://peoplerun.ai/peoplerun-os-what-you-must-not-change/,error
1317,peoplerun-os-roles-permissions,"PeopleRun OS — Roles &amp; Permissions",404,https://peoplerun.ai/peoplerun-os-roles-permissions/,error
1316,peoplerun-os-first-use-guide,"PeopleRun OS — First-Use Guide",404,https://peoplerun.ai/peoplerun-os-first-use-guide/,error
1315,peoplerun-os-activation-overview,"PeopleRun OS — Activation Overview",404,https://peoplerun.ai/peoplerun-os-activation-overview/,error
1313,peoplerun-os-phase-iii-exit-criteria,"PeopleRun OS — Phase III Exit Criteria",404,https://peoplerun.ai/peoplerun-os-phase-iii-exit-criteria/,error
1312,peoplerun-os-reference-verification-bundle-rvb-v1-0,"PeopleRun OS — Reference Verification Bundle (RVB v1.0)",404,https://peoplerun.ai/peoplerun-os-reference-verification-bundle-rvb-v1-0/,error
1311,peoplerun-os-installer-contract-l1-l3,"PeopleRun OS — Installer Contract (L1–L3)",404,https://peoplerun.ai/peoplerun-os-installer-contract-l1-l3/,error
1309,peoplerun-os-installer-contract-l1,"PeopleRun OS — Installer Contract (L1)",404,https://peoplerun.ai/peoplerun-os-installer-contract-l1/,error
1308,peoplerun-os-transferability-boundaries,"PeopleRun OS — Transferability Boundaries",404,https://peoplerun.ai/peoplerun-os-transferability-boundaries/,error
1279,boot-hub-hard-surface-entry,"[ARCHIVE] Boot Hub — Hard Surface Entry (unlinked->private 1279)",404,https://peoplerun.ai/boot-hub-hard-surface-entry/,error
1306,peoplerun-os-canonical-indices-original,"[ARCHIVE] PeopleRun OS — Canonical Indices (dup 1306)",404,https://peoplerun.ai/peoplerun-os-canonical-indices-original/,error
1302,peoplerun-os-official-build-plan,"PeopleRun OS | Official Build Plan",404,https://peoplerun.ai/peoplerun-os-official-build-plan/,error
1301,external-commerce-link-payhip-checkout,"[ARCHIVE] External Commerce Link — Payhip Checkout (unlinked->private 1301)",404,https://peoplerun.ai/external-commerce-link-payhip-checkout/,error
1298,build-document,"Build Document",404,https://peoplerun.ai/build-document/,error
1291,builddoc-progress-console,"BuildDoc Progress Console",404,https://peoplerun.ai/builddoc-progress-console/,error
1287,1287-2,"[ARCHIVE] (blank title) (cleanup->private 1287)",404,https://peoplerun.ai/1287-2/,error
1286,social-surface-core-patch,"[ARCHIVE] Social Surface — Core patch (unlinked->private 1286)",404,https://peoplerun.ai/social-surface-core-patch/,error
1285,hard-surface-social-commenting-loop,"Hard Surface — Social Commenting Loop",404,https://peoplerun.ai/hard-surface-social-commenting-loop/,error
1284,governance-execution-map,"[ARCHIVE] Governance Execution Map (unlinked->private 1284)",404,https://peoplerun.ai/governance-execution-map/,error
1282,structural-reference-event-signal-log,"[ARCHIVE] Structural Reference — Event Signal Log (unlinked->private 1282)",404,https://peoplerun.ai/structural-reference-event-signal-log/,error
1281,social-surface-core,"[ARCHIVE] Social Surface — Core (unlinked->private 1281)",404,https://peoplerun.ai/social-surface-core/,error
1278,structural-reference,"[ARCHIVE] Structural Reference (unlinked->private 1278)",404,https://peoplerun.ai/structural-reference/,error
1274,hard-surface-idea-pitching,"Hard Surface — Idea Pitching",404,https://peoplerun.ai/hard-surface-idea-pitching/,error
1273,hard-surface-publisher-studio-intelligence-layer-phase-iii,"Hard Surface — Publisher Studio Intelligence Layer (Phase III)",404,https://peoplerun.ai/hard-surface-publisher-studio-intelligence-layer-phase-iii/,error
1272,hard-surface-publisher-studio-intelligence-layer-phase-iii-%c2%b7-deterministic-test-vector-%c2%b7-v1-0,"[ARCHIVE] Hard Surface — Publisher Studio Intelligence Layer (Phase III) · Deterministic Test Vector · v1.0 (pattern->private 1272)",404,https://peoplerun.ai/hard-surface-publisher-studio-intelligence-layer-phase-iii-%c2%b7-deterministic-test-vector-%c2%b7-v1-0/,error
1271,hard-surface-publisher-studio-intelligence-layer-phase-iii-%c2%b7-implementation-spec-%c2%b7-v1-0,"Hard Surface — Publisher Studio Intelligence Layer (Phase III) · Implementation Spec · v1.0",404,https://peoplerun.ai/hard-surface-publisher-studio-intelligence-layer-phase-iii-%c2%b7-implementation-spec-%c2%b7-v1-0/,error
1270,enforcement-addendum-%c2%b7-publisher-studio-intelligence-layer-%c2%b7-token-auth-deterministic-explain-%c2%b7-v1-0,"[ARCHIVE] Enforcement Addendum · Publisher Studio Intelligence Layer · Token Auth + Deterministic Explain · v1.0 (unlinked->private 1270)",404,https://peoplerun.ai/enforcement-addendum-%c2%b7-publisher-studio-intelligence-layer-%c2%b7-token-auth-deterministic-explain-%c2%b7-v1-0/,error
1269,enforcement-addendum-%c2%b7-social-visual-system-%c2%b7-unpaid-%c2%b7-freeze-extension-%c2%b7-v1-0,"[ARCHIVE] Enforcement Addendum · Social Visual System · Unpaid · Freeze Extension · v1.0 (unlinked->private 1269)",404,https://peoplerun.ai/enforcement-addendum-%c2%b7-social-visual-system-%c2%b7-unpaid-%c2%b7-freeze-extension-%c2%b7-v1-0/,error
1267,hard-surface-social-visual-system-unpaid-2,"Hard Surface: Social Visual System (Unpaid)",404,https://peoplerun.ai/hard-surface-social-visual-system-unpaid-2/,error
1266,hard-surface-social-visual-system-unpaid,"Hard Surface — Social Visual System (Unpaid)",404,https://peoplerun.ai/hard-surface-social-visual-system-unpaid/,error
1265,micro-expander-system-specification,"Micro Expander — System Specification",404,https://peoplerun.ai/micro-expander-system-specification/,error
1264,hard-surface-social-media-plan-unpaid,"Hard Surface — Social Media Plan (Unpaid)",404,https://peoplerun.ai/hard-surface-social-media-plan-unpaid/,error
1262,build-document-hard-surface-github-mirror-freeze-safe-2,"[ARCHIVE] Build Document — Hard Surface GitHub Mirror (Freeze-Safe) (dup 1262)",404,https://peoplerun.ai/build-document-hard-surface-github-mirror-freeze-safe-2/,error
1260,build-document-hard-surface-github-mirror-freeze-safe,"Build Document — Hard Surface GitHub Mirror (Freeze-Safe)",404,https://peoplerun.ai/build-document-hard-surface-github-mirror-freeze-safe/,error
1259,system-state-preservation-weekend-freeze,"[ARCHIVE] System State Preservation (Weekend Freeze) (unlinked->private 1259)",404,https://peoplerun.ai/system-state-preservation-weekend-freeze/,error
1251,canonical-structure-in-practice-issue-10,"Canonical Structure, In Practice Issue 10",404,https://peoplerun.ai/canonical-structure-in-practice-issue-10/,error
1250,build-document-phase-ii-a-control-surface-specification,"Build Document — Phase II-A: Control Surface Specification",404,https://peoplerun.ai/build-document-phase-ii-a-control-surface-specification/,error
1248,build-document-phase-i-admin-console-registry-guardrails-publisher-drift-detection,"Build Document — Phase I: Admin Console, Registry, Guardrails, Publisher, Drift Detection",404,https://peoplerun.ai/build-document-phase-i-admin-console-registry-guardrails-publisher-drift-detection/,error
1246,build-document-community-console-primitives-namespace-registry-publisher-router,"Build Document — Community Console Primitives (Namespace • Registry • Publisher • Router)",404,https://peoplerun.ai/build-document-community-console-primitives-namespace-registry-publisher-router/,error
1240,install-peoplerun-ai,"[ARCHIVE] Install PeopleRun AI (unlinked->private 1240)",404,https://peoplerun.ai/install-peoplerun-ai/,error
1217,build-document-hard-jump-resolver-hjr-v1-0-soft-fail,"Build Document — Hard-Jump Resolver (HJR) v1.0 (Soft-Fail)",404,https://peoplerun.ai/build-document-hard-jump-resolver-hjr-v1-0-soft-fail/,error
1214,build-document-imagecraft-hard-enforcement-rule,"Build Document — ImageCraft Hard Enforcement Rule",404,https://peoplerun.ai/build-document-imagecraft-hard-enforcement-rule/,error
1212,build-documents,"Build Documents",404,https://peoplerun.ai/build-documents/,error
1211,build-document-paid-from-day-one-public-access,"Build Document — Paid-From-Day-One Public Access",404,https://peoplerun.ai/build-document-paid-from-day-one-public-access/,error
1205,the-product-arc-how-offers-stack,"[ARCHIVE] The Product Arc — How Offers Stack (unlinked->private 1205)",404,https://peoplerun.ai/the-product-arc-how-offers-stack/,error
1200,overview-funnels-products,"[ARCHIVE] Overview — Funnels &amp; Products (unlinked->private 1200)",404,https://peoplerun.ai/overview-funnels-products/,error
1193,entry-peoplerunai-org-knowledge-lessons,"[ARCHIVE] PeopleRunAI.org — Entry - Knowledge &amp; Lessons (unlinked->private 1193)",404,https://peoplerun.ai/entry-peoplerunai-org-knowledge-lessons/,error
1192,entry-peoplerunai-net-community,"[ARCHIVE] PeopleRunAI.net — Entry Community (unlinked->private 1192)",404,https://peoplerun.ai/entry-peoplerunai-net-community/,error
1190,entry-peoplerunai-com-funnels-products,"[ARCHIVE] PeopleRunAI.com — Entry - Funnels &amp; Products (unlinked->private 1190)",404,https://peoplerun.ai/entry-peoplerunai-com-funnels-products/,error
1179,canonical-structure-in-practice-newsletter-center,"[CENTER] Canonical Structure, In Practice — Newsletter Center",404,https://peoplerun.ai/canonical-structure-in-practice-newsletter-center/,error
1177,newsletter-visual-style-baseline,"Newsletter Visual Style Baseline",404,https://peoplerun.ai/newsletter-visual-style-baseline/,error
1174,newsletter-guardrail-protocol,"Newsletter Guardrail Protocol",404,https://peoplerun.ai/newsletter-guardrail-protocol/,error
1165,canonical-structure-in-practice-issue-09,"Canonical Structure, In Practice Issue 09",404,https://peoplerun.ai/canonical-structure-in-practice-issue-09/,error
854,canonical-structure-in-practice-issue-08,"Canonical Structure, in Practice Issue 08",404,https://peoplerun.ai/canonical-structure-in-practice-issue-08/,error
1114,canonical-structure-in-practice-issue-01,"Canonical Structure, In Practice Issue 01",404,https://peoplerun.ai/canonical-structure-in-practice-issue-01/,error
758,canonical-structure-in-practice-issue-07,"Canonical Structure, In Practice Issue 07",404,https://peoplerun.ai/canonical-structure-in-practice-issue-07/,error
1135,canonical-structure-in-practice-issue-06,"Canonical Structure, In Practice Issue 06",404,https://peoplerun.ai/canonical-structure-in-practice-issue-06/,error
1131,canonical-structure-in-practice-issue-05,"Canonical Structure, In Practice Issue 05",404,https://peoplerun.ai/canonical-structure-in-practice-issue-05/,error
456,canonical-structure-in-practice-issue-02,"Canonical Structure, In Practice Issue 02",404,https://peoplerun.ai/canonical-structure-in-practice-issue-02/,error
1122,canonical-structure-in-practice-issue-04,"Canonical Structure, In Practice Issue 04",404,https://peoplerun.ai/canonical-structure-in-practice-issue-04/,error
1118,canonical-structure-in-practice-issue-03,"Canonical Structure, In Practice Issue 03",404,https://peoplerun.ai/canonical-structure-in-practice-issue-03/,error
1091,3-lane-engine-systems,"[ARCHIVE] 3-Lane Engine — Systems (unlinked->private 1091)",404,https://peoplerun.ai/3-lane-engine-systems/,error
1074,peoplerun-ai-architecture-spine-3,"PeopleRun AI — Architecture Spine",404,https://peoplerun.ai/peoplerun-ai-architecture-spine-3/,error
1008,youre-in-welcome-to-the-loop,"[ARCHIVE] You’re In — Welcome to the Loop (unlinked->private 1008)",404,https://peoplerun.ai/youre-in-welcome-to-the-loop/,error
1011,new-user-qa,"[ARCHIVE] New User Q&amp;A (unlinked->private 1011)",404,https://peoplerun.ai/new-user-qa/,error
1012,build-your-first-system,"[ARCHIVE] Build Your First System (unlinked->private 1012)",404,https://peoplerun.ai/build-your-first-system/,error
1006,your-first-24-hours-with-peoplerun-ai,"[ARCHIVE] Your First 24 Hours with PeopleRun AI (unlinked->private 1006)",404,https://peoplerun.ai/your-first-24-hours-with-peoplerun-ai/,error
1009,start-here-your-installation-path,"Start Here — Your Installation Path",404,https://peoplerun.ai/start-here-your-installation-path/,error
1013,the-peoplerun-ai-installation-loop,"[ARCHIVE] The PeopleRun AI Installation Loop (unlinked->private 1013)",404,https://peoplerun.ai/the-peoplerun-ai-installation-loop/,error
1050,micro-expand-component-magazine-1-standard-v1-1,"Micro Expand Component (Magazine 1 Standard v1.1)",404,https://peoplerun.ai/micro-expand-component-magazine-1-standard-v1-1/,error
