id,slug,title,url,http_code,final_url,reason
1615,smoke-test-publisher-intent,SMOKE TEST — Publisher Intent,https://peoplerun.ai/smoke-test-publisher-intent/,404,error,
1665,1665-2,,https://peoplerun.ai/1665-2/,404,error,
1661,untitled-2,Untitled,https://peoplerun.ai/untitled-2/,404,error,
1655,operate-clarity,Clarity — Operate Mode,https://peoplerun.ai/operate-clarity/,404,error,
1652,orientation-layer-first-system-build,💎 Orientation Layer — First System Build,https://peoplerun.ai/orientation-layer-first-system-build/,404,error,
1617,social-media-engine-operator-manual,PeopleRun AI — Social Media Engine Operator Manual,https://peoplerun.ai/social-media-engine-operator-manual/,404,error,
1613,social-engine-registry-workflow-v1,PeopleRun AI — Social Engine Registry Workflow v1.0,https://peoplerun.ai/social-engine-registry-workflow-v1/,404,error,
1611,surface-drift-audit-runner-v1,PeopleRun AI — Surface Drift Audit Runner v1.0,https://peoplerun.ai/surface-drift-audit-runner-v1/,404,error,
1609,prwp-wp-cli-wrapper-hard-surface-v1,PeopleRun AI — PRWP WP-CLI Wrapper Hard Surface v1.0,https://peoplerun.ai/prwp-wp-cli-wrapper-hard-surface-v1/,404,error,
1607,open-shop-execution-contract-v1-1,PeopleRun AI — Open Shop Execution Contract v1.1,https://peoplerun.ai/open-shop-execution-contract-v1-1/,404,error,
1605,open-shop-execution-contract-v1,PeopleRun AI — Open Shop Execution Contract v1.0,https://peoplerun.ai/open-shop-execution-contract-v1/,404,error,
1585,activation-queue,PeopleRun AI — Activation Queue,https://peoplerun.ai/activation-queue/,404,error,
1577,global-mutation-guard-v1,💎 PeopleRun AI — Global Mutation Guard v1,https://peoplerun.ai/global-mutation-guard-v1/,404,error,
1575,intelligence-authority-ledger-v1,💎 PeopleRun AI — Intelligence Authority Ledger v2,https://peoplerun.ai/intelligence-authority-ledger-v1/,404,error,
1565,hard-surface-entry,Hard Surface Entry,https://peoplerun.ai/hard-surface-entry/,404,error,
1368,peoplerun-os-canonical-indices-2,[HOLD] peoplerun-os-canonical-indices (draft->private 1368),https://peoplerun.ai/peoplerun-os-canonical-indices-2/,404,error,
1534,canonical-indices-hub,Canonical Indices Hub,https://peoplerun.ai/canonical-indices-hub/,404,error,
1513,canonical-structure-in-practice-issue-15,"[HOLD] Canonical Structure, In Practice — Issue 15 (draft->private 1513)",https://peoplerun.ai/canonical-structure-in-practice-issue-15/,404,error,
1511,canonical-structure-in-practice-issue-14,"[HOLD] Canonical Structure, In Practice — Issue 14 (draft->private 1511)",https://peoplerun.ai/canonical-structure-in-practice-issue-14/,404,error,
1508,canonical-structure-in-practice-issue-13,"[ISSUE] Canonical Structure, In Practice Issue 13",https://peoplerun.ai/canonical-structure-in-practice-issue-13/,404,error,
1507,release-registry,PeopleRun AI — Release Registry,https://peoplerun.ai/release-registry/,404,error,
1506,newsletter-archives,[INDEX] PeopleRun AI — Newsletter Archives,https://peoplerun.ai/newsletter-archives/,404,error,
979,canonical-structure-in-practice-newsletter-index,"[INDEX] Canonical Structure, In Practice — Newsletter Index",https://peoplerun.ai/canonical-structure-in-practice-newsletter-index/,404,error,
1472,canonical-structure-in-practice-issue-12-2-dupe-20260202t044351z,[ARCHIVE] Newsletter Issue Dupe (1472) — DO NOT LINK,https://peoplerun.ai/canonical-structure-in-practice-issue-12-2-dupe-20260202t044351z/,404,error,
1466,canonical-structure-in-practice-newsletter-index-2,"[ARCHIVE] Canonical Structure, In Practice — Newsletter Index (dup 1466)",https://peoplerun.ai/canonical-structure-in-practice-newsletter-index-2/,404,error,
1487,canonical-structure-in-practice-newsletter-index-3,"[ARCHIVE] Canonical Structure, In Practice — Newsletter Index (dup 1487)",https://peoplerun.ai/canonical-structure-in-practice-newsletter-index-3/,404,error,
1470,canonical-structure-in-practice-issue-12,"[ISSUE] Canonical Structure, In Practice Issue 12",https://peoplerun.ai/canonical-structure-in-practice-issue-12/,404,error,
1467,decommissioned-canonical-structure-duplicate,[DECOMMISSIONED] Canonical Structure — Duplicate,https://peoplerun.ai/decommissioned-canonical-structure-duplicate/,404,error,
1465,peoplerun-ai-control-surface-canonical-structure,[CONTROL] PeopleRun AI — Control Surface — Canonical Structure,https://peoplerun.ai/peoplerun-ai-control-surface-canonical-structure/,404,error,
364,router-x,PeopleRun AI — Control Surface — Router X,https://peoplerun.ai/router-x/,404,error,
1460,peoplerun-ai-control-surface-registry,PeopleRun AI — Control Surface Registry,https://peoplerun.ai/peoplerun-ai-control-surface-registry/,404,error,
1461,redirect-control-surface-registry,[ARCHIVE] Redirect: Control Surface Registry (redirect->private 1461),https://peoplerun.ai/redirect-control-surface-registry/,404,error,
1458,public-signal-learning-loop-psll,Public Signal Learning Loop (PSLL),https://peoplerun.ai/public-signal-learning-loop-psll/,404,error,
1452,indices-redirect,[ARCHIVE] Indices (Redirect) (redirect->private 1452),https://peoplerun.ai/indices-redirect/,404,error,
1448,peoplerun-ai-social-analytics,PeopleRun AI — Social Analytics,https://peoplerun.ai/peoplerun-ai-social-analytics/,404,error,
1411,canonical-structure-in-practice-issue-11,"Canonical Structure, In Practice Issue 11",https://peoplerun.ai/canonical-structure-in-practice-issue-11/,404,error,
1419,newsletter-issues-inventory,Newsletter Issues Inventory,https://peoplerun.ai/newsletter-issues-inventory/,404,error,
1410,hr-style-surface,HR Style Surface,https://peoplerun.ai/hr-style-surface/,404,error,
1367,peoplerun-os-canonical-indices,PeopleRun OS — Canonical Indices,https://peoplerun.ai/peoplerun-os-canonical-indices/,404,error,
1366,peoplerun-os-tour-proof-ledger,PeopleRun OS — Tour Proof Ledger,https://peoplerun.ai/peoplerun-os-tour-proof-ledger/,404,error,
1365,peoplerun-os-public-tour,PeopleRun OS — Public Tour,https://peoplerun.ai/peoplerun-os-public-tour/,404,error,
1359,phase-iv-proof-exit,Phase IV — Proof Exit,https://peoplerun.ai/phase-iv-proof-exit/,404,error,
1355,authoritative-input-node-ain-1-contract,[ARCHIVE] Authoritative Input Node (AIN-1) — Contract (unlinked->private 1355),https://peoplerun.ai/authoritative-input-node-ain-1-contract/,404,error,
1347,untitled,[ARCHIVE] Hard Surface Entry (old slug=untitled 1347),https://peoplerun.ai/untitled/,404,error,
961,system-map,PeopleRun OS — System Map,https://peoplerun.ai/system-map/,404,error,
1341,boot-hub,Boot Hub,https://peoplerun.ai/boot-hub/,404,error,
1340,phase-iv-the-one-inevitable-move,Phase IV — The One Inevitable Move,https://peoplerun.ai/phase-iv-the-one-inevitable-move/,404,error,
1339,peoplerun-os-surface-candidates-registry,PeopleRun OS — Surface Candidates Registry,https://peoplerun.ai/peoplerun-os-surface-candidates-registry/,404,error,
1338,voice-capture-%e2%86%92-draft-%e2%86%92-build-system,[ARCHIVE] Voice Capture → Draft → Build System (pattern->private 1338),https://peoplerun.ai/voice-capture-%e2%86%92-draft-%e2%86%92-build-system/,404,error,
1337,phase-iv-b-adoption-closed-canonical,Phase IV-B — Adoption Closed (Canonical),https://peoplerun.ai/phase-iv-b-adoption-closed-canonical/,404,error,
1336,peoplerun-os-adoption-execute-escalation-preview,PeopleRun OS — Adoption Execute: Escalation Preview,https://peoplerun.ai/peoplerun-os-adoption-execute-escalation-preview/,404,error,
1335,peoplerun-os-adoption-execute-whats-next,PeopleRun OS — Adoption Execute: What’s Next,https://peoplerun.ai/peoplerun-os-adoption-execute-whats-next/,404,error,
1334,peoplerun-os-adoption-execute-resume-after-pause,PeopleRun OS — Adoption Execute: Resume After Pause,https://peoplerun.ai/peoplerun-os-adoption-execute-resume-after-pause/,404,error,
1333,peoplerun-os-adoption-execute-insight-loop,PeopleRun OS — Adoption Execute: Insight Loop,https://peoplerun.ai/peoplerun-os-adoption-execute-insight-loop/,404,error,
1332,peoplerun-os-adoption-execute-value-loop,PeopleRun OS — Adoption Execute: Value Loop,https://peoplerun.ai/peoplerun-os-adoption-execute-value-loop/,404,error,
1331,iv-b-adoption-signals-metrics,[ARCHIVE] IV-B — Adoption Signals &amp; Metrics (unlinked->private 1331),https://peoplerun.ai/iv-b-adoption-signals-metrics/,404,error,
1330,iv-b-usage-loops-return-triggers,[ARCHIVE] IV-B — Usage Loops &amp; Return Triggers (unlinked->private 1330),https://peoplerun.ai/iv-b-usage-loops-return-triggers/,404,error,
1329,ep-iv-b-adoption-entry-paths,[ARCHIVE] EP-IV-B — Adoption Entry Paths (unlinked->private 1329),https://peoplerun.ai/ep-iv-b-adoption-entry-paths/,404,error,
1328,sc-iv-b-adoption-success-criteria,[ARCHIVE] SC-IV-B — Adoption Success Criteria (unlinked->private 1328),https://peoplerun.ai/sc-iv-b-adoption-success-criteria/,404,error,
1327,phase-iv-b-adoption-open,Phase IV-B — Adoption Open,https://peoplerun.ai/phase-iv-b-adoption-open/,404,error,
1326,phase-iv-a-activation-closed-canonical,Phase IV-A — Activation Closed (Canonical),https://peoplerun.ai/phase-iv-a-activation-closed-canonical/,404,error,
1325,phase-iv-a-activation-closed,Phase IV-A — Activation Closed,https://peoplerun.ai/phase-iv-a-activation-closed/,404,error,
1321,peoplerun-os-activation-execute-verifier,PeopleRun OS — Activation Execute: Verifier,https://peoplerun.ai/peoplerun-os-activation-execute-verifier/,404,error,
1323,peoplerun-os-activation-execute-log-hook,PeopleRun OS — Activation Execute: Log Hook,https://peoplerun.ai/peoplerun-os-activation-execute-log-hook/,404,error,
1320,peoplerun-os-activation-execute-checklist,PeopleRun OS — Activation Execute: Checklist,https://peoplerun.ai/peoplerun-os-activation-execute-checklist/,404,error,
1319,peoplerun-os-activation-complete,PeopleRun OS — Activation Complete,https://peoplerun.ai/peoplerun-os-activation-complete/,404,error,
1318,peoplerun-os-what-you-must-not-change,PeopleRun OS — What You Must Not Change,https://peoplerun.ai/peoplerun-os-what-you-must-not-change/,404,error,
1317,peoplerun-os-roles-permissions,PeopleRun OS — Roles &amp; Permissions,https://peoplerun.ai/peoplerun-os-roles-permissions/,404,error,
1316,peoplerun-os-first-use-guide,PeopleRun OS — First-Use Guide,https://peoplerun.ai/peoplerun-os-first-use-guide/,404,error,
1315,peoplerun-os-activation-overview,PeopleRun OS — Activation Overview,https://peoplerun.ai/peoplerun-os-activation-overview/,404,error,
1313,peoplerun-os-phase-iii-exit-criteria,PeopleRun OS — Phase III Exit Criteria,https://peoplerun.ai/peoplerun-os-phase-iii-exit-criteria/,404,error,
1312,peoplerun-os-reference-verification-bundle-rvb-v1-0,PeopleRun OS — Reference Verification Bundle (RVB v1.0),https://peoplerun.ai/peoplerun-os-reference-verification-bundle-rvb-v1-0/,404,error,
1311,peoplerun-os-installer-contract-l1-l3,PeopleRun OS — Installer Contract (L1–L3),https://peoplerun.ai/peoplerun-os-installer-contract-l1-l3/,404,error,
1309,peoplerun-os-installer-contract-l1,PeopleRun OS — Installer Contract (L1),https://peoplerun.ai/peoplerun-os-installer-contract-l1/,404,error,
1308,peoplerun-os-transferability-boundaries,PeopleRun OS — Transferability Boundaries,https://peoplerun.ai/peoplerun-os-transferability-boundaries/,404,error,
1279,boot-hub-hard-surface-entry,[ARCHIVE] Boot Hub — Hard Surface Entry (unlinked->private 1279),https://peoplerun.ai/boot-hub-hard-surface-entry/,404,error,
1306,peoplerun-os-canonical-indices-original,[ARCHIVE] PeopleRun OS — Canonical Indices (dup 1306),https://peoplerun.ai/peoplerun-os-canonical-indices-original/,404,error,
1302,peoplerun-os-official-build-plan,PeopleRun OS | Official Build Plan,https://peoplerun.ai/peoplerun-os-official-build-plan/,404,error,
1301,external-commerce-link-payhip-checkout,[ARCHIVE] External Commerce Link — Payhip Checkout (unlinked->private 1301),https://peoplerun.ai/external-commerce-link-payhip-checkout/,404,error,
1298,build-document,Build Document,https://peoplerun.ai/build-document/,404,error,
1291,builddoc-progress-console,BuildDoc Progress Console,https://peoplerun.ai/builddoc-progress-console/,404,error,
1287,1287-2,[ARCHIVE] (blank title) (cleanup->private 1287),https://peoplerun.ai/1287-2/,404,error,
1286,social-surface-core-patch,[ARCHIVE] Social Surface — Core patch (unlinked->private 1286),https://peoplerun.ai/social-surface-core-patch/,404,error,
1285,hard-surface-social-commenting-loop,Hard Surface — Social Commenting Loop,https://peoplerun.ai/hard-surface-social-commenting-loop/,404,error,
1284,governance-execution-map,[ARCHIVE] Governance Execution Map (unlinked->private 1284),https://peoplerun.ai/governance-execution-map/,404,error,
1282,structural-reference-event-signal-log,[ARCHIVE] Structural Reference — Event Signal Log (unlinked->private 1282),https://peoplerun.ai/structural-reference-event-signal-log/,404,error,
1281,social-surface-core,[ARCHIVE] Social Surface — Core (unlinked->private 1281),https://peoplerun.ai/social-surface-core/,404,error,
1278,structural-reference,[ARCHIVE] Structural Reference (unlinked->private 1278),https://peoplerun.ai/structural-reference/,404,error,
1274,hard-surface-idea-pitching,Hard Surface — Idea Pitching,https://peoplerun.ai/hard-surface-idea-pitching/,404,error,
1273,hard-surface-publisher-studio-intelligence-layer-phase-iii,Hard Surface — Publisher Studio Intelligence Layer (Phase III),https://peoplerun.ai/hard-surface-publisher-studio-intelligence-layer-phase-iii/,404,error,
1272,hard-surface-publisher-studio-intelligence-layer-phase-iii-%c2%b7-deterministic-test-vector-%c2%b7-v1-0,[ARCHIVE] Hard Surface — Publisher Studio Intelligence Layer (Phase III) · Deterministic Test Vector · v1.0 (pattern->private 1272),https://peoplerun.ai/hard-surface-publisher-studio-intelligence-layer-phase-iii-%c2%b7-deterministic-test-vector-%c2%b7-v1-0/,404,error,
1271,hard-surface-publisher-studio-intelligence-layer-phase-iii-%c2%b7-implementation-spec-%c2%b7-v1-0,Hard Surface — Publisher Studio Intelligence Layer (Phase III) · Implementation Spec · v1.0,https://peoplerun.ai/hard-surface-publisher-studio-intelligence-layer-phase-iii-%c2%b7-implementation-spec-%c2%b7-v1-0/,404,error,
1270,enforcement-addendum-%c2%b7-publisher-studio-intelligence-layer-%c2%b7-token-auth-deterministic-explain-%c2%b7-v1-0,[ARCHIVE] Enforcement Addendum · Publisher Studio Intelligence Layer · Token Auth + Deterministic Explain · v1.0 (unlinked->private 1270),https://peoplerun.ai/enforcement-addendum-%c2%b7-publisher-studio-intelligence-layer-%c2%b7-token-auth-deterministic-explain-%c2%b7-v1-0/,404,error,
1269,enforcement-addendum-%c2%b7-social-visual-system-%c2%b7-unpaid-%c2%b7-freeze-extension-%c2%b7-v1-0,[ARCHIVE] Enforcement Addendum · Social Visual System · Unpaid · Freeze Extension · v1.0 (unlinked->private 1269),https://peoplerun.ai/enforcement-addendum-%c2%b7-social-visual-system-%c2%b7-unpaid-%c2%b7-freeze-extension-%c2%b7-v1-0/,404,error,
1267,hard-surface-social-visual-system-unpaid-2,Hard Surface: Social Visual System (Unpaid),https://peoplerun.ai/hard-surface-social-visual-system-unpaid-2/,404,error,
1266,hard-surface-social-visual-system-unpaid,Hard Surface — Social Visual System (Unpaid),https://peoplerun.ai/hard-surface-social-visual-system-unpaid/,404,error,
1265,micro-expander-system-specification,Micro Expander — System Specification,https://peoplerun.ai/micro-expander-system-specification/,404,error,
1264,hard-surface-social-media-plan-unpaid,Hard Surface — Social Media Plan (Unpaid),https://peoplerun.ai/hard-surface-social-media-plan-unpaid/,404,error,
1262,build-document-hard-surface-github-mirror-freeze-safe-2,[ARCHIVE] Build Document — Hard Surface GitHub Mirror (Freeze-Safe) (dup 1262),https://peoplerun.ai/build-document-hard-surface-github-mirror-freeze-safe-2/,404,error,
1260,build-document-hard-surface-github-mirror-freeze-safe,Build Document — Hard Surface GitHub Mirror (Freeze-Safe),https://peoplerun.ai/build-document-hard-surface-github-mirror-freeze-safe/,404,error,
1259,system-state-preservation-weekend-freeze,[ARCHIVE] System State Preservation (Weekend Freeze) (unlinked->private 1259),https://peoplerun.ai/system-state-preservation-weekend-freeze/,404,error,
1251,canonical-structure-in-practice-issue-10,"Canonical Structure, In Practice Issue 10",https://peoplerun.ai/canonical-structure-in-practice-issue-10/,404,error,
1250,build-document-phase-ii-a-control-surface-specification,Build Document — Phase II-A: Control Surface Specification,https://peoplerun.ai/build-document-phase-ii-a-control-surface-specification/,404,error,
1248,build-document-phase-i-admin-console-registry-guardrails-publisher-drift-detection,"Build Document — Phase I: Admin Console, Registry, Guardrails, Publisher, Drift Detection",https://peoplerun.ai/build-document-phase-i-admin-console-registry-guardrails-publisher-drift-detection/,404,error,
1246,build-document-community-console-primitives-namespace-registry-publisher-router,Build Document — Community Console Primitives (Namespace • Registry • Publisher • Router),https://peoplerun.ai/build-document-community-console-primitives-namespace-registry-publisher-router/,404,error,
1240,install-peoplerun-ai,[ARCHIVE] Install PeopleRun AI (unlinked->private 1240),https://peoplerun.ai/install-peoplerun-ai/,404,error,
1217,build-document-hard-jump-resolver-hjr-v1-0-soft-fail,Build Document — Hard-Jump Resolver (HJR) v1.0 (Soft-Fail),https://peoplerun.ai/build-document-hard-jump-resolver-hjr-v1-0-soft-fail/,404,error,
1214,build-document-imagecraft-hard-enforcement-rule,Build Document — ImageCraft Hard Enforcement Rule,https://peoplerun.ai/build-document-imagecraft-hard-enforcement-rule/,404,error,
1212,build-documents,Build Documents,https://peoplerun.ai/build-documents/,404,error,
1211,build-document-paid-from-day-one-public-access,Build Document — Paid-From-Day-One Public Access,https://peoplerun.ai/build-document-paid-from-day-one-public-access/,404,error,
1205,the-product-arc-how-offers-stack,[ARCHIVE] The Product Arc — How Offers Stack (unlinked->private 1205),https://peoplerun.ai/the-product-arc-how-offers-stack/,404,error,
1200,overview-funnels-products,[ARCHIVE] Overview — Funnels &amp; Products (unlinked->private 1200),https://peoplerun.ai/overview-funnels-products/,404,error,
1193,entry-peoplerunai-org-knowledge-lessons,[ARCHIVE] PeopleRunAI.org — Entry - Knowledge &amp; Lessons (unlinked->private 1193),https://peoplerun.ai/entry-peoplerunai-org-knowledge-lessons/,404,error,
1192,entry-peoplerunai-net-community,[ARCHIVE] PeopleRunAI.net — Entry Community (unlinked->private 1192),https://peoplerun.ai/entry-peoplerunai-net-community/,404,error,
1190,entry-peoplerunai-com-funnels-products,[ARCHIVE] PeopleRunAI.com — Entry - Funnels &amp; Products (unlinked->private 1190),https://peoplerun.ai/entry-peoplerunai-com-funnels-products/,404,error,
1179,canonical-structure-in-practice-newsletter-center,"[CENTER] Canonical Structure, In Practice — Newsletter Center",https://peoplerun.ai/canonical-structure-in-practice-newsletter-center/,404,error,
1177,newsletter-visual-style-baseline,Newsletter Visual Style Baseline,https://peoplerun.ai/newsletter-visual-style-baseline/,404,error,
1174,newsletter-guardrail-protocol,Newsletter Guardrail Protocol,https://peoplerun.ai/newsletter-guardrail-protocol/,404,error,
1165,canonical-structure-in-practice-issue-09,"Canonical Structure, In Practice Issue 09",https://peoplerun.ai/canonical-structure-in-practice-issue-09/,404,error,
854,canonical-structure-in-practice-issue-08,"Canonical Structure, in Practice Issue 08",https://peoplerun.ai/canonical-structure-in-practice-issue-08/,404,error,
1114,canonical-structure-in-practice-issue-01,"Canonical Structure, In Practice Issue 01",https://peoplerun.ai/canonical-structure-in-practice-issue-01/,404,error,
758,canonical-structure-in-practice-issue-07,"Canonical Structure, In Practice Issue 07",https://peoplerun.ai/canonical-structure-in-practice-issue-07/,404,error,
1135,canonical-structure-in-practice-issue-06,"Canonical Structure, In Practice Issue 06",https://peoplerun.ai/canonical-structure-in-practice-issue-06/,404,error,
1131,canonical-structure-in-practice-issue-05,"Canonical Structure, In Practice Issue 05",https://peoplerun.ai/canonical-structure-in-practice-issue-05/,404,error,
456,canonical-structure-in-practice-issue-02,"Canonical Structure, In Practice Issue 02",https://peoplerun.ai/canonical-structure-in-practice-issue-02/,404,error,
1122,canonical-structure-in-practice-issue-04,"Canonical Structure, In Practice Issue 04",https://peoplerun.ai/canonical-structure-in-practice-issue-04/,404,error,
1118,canonical-structure-in-practice-issue-03,"Canonical Structure, In Practice Issue 03",https://peoplerun.ai/canonical-structure-in-practice-issue-03/,404,error,
1091,3-lane-engine-systems,[ARCHIVE] 3-Lane Engine — Systems (unlinked->private 1091),https://peoplerun.ai/3-lane-engine-systems/,404,error,
1074,peoplerun-ai-architecture-spine-3,PeopleRun AI — Architecture Spine,https://peoplerun.ai/peoplerun-ai-architecture-spine-3/,404,error,
1008,youre-in-welcome-to-the-loop,[ARCHIVE] You’re In — Welcome to the Loop (unlinked->private 1008),https://peoplerun.ai/youre-in-welcome-to-the-loop/,404,error,
1011,new-user-qa,[ARCHIVE] New User Q&amp;A (unlinked->private 1011),https://peoplerun.ai/new-user-qa/,404,error,
1012,build-your-first-system,[ARCHIVE] Build Your First System (unlinked->private 1012),https://peoplerun.ai/build-your-first-system/,404,error,
1006,your-first-24-hours-with-peoplerun-ai,[ARCHIVE] Your First 24 Hours with PeopleRun AI (unlinked->private 1006),https://peoplerun.ai/your-first-24-hours-with-peoplerun-ai/,404,error,
1009,start-here-your-installation-path,Start Here — Your Installation Path,https://peoplerun.ai/start-here-your-installation-path/,404,error,
1013,the-peoplerun-ai-installation-loop,[ARCHIVE] The PeopleRun AI Installation Loop (unlinked->private 1013),https://peoplerun.ai/the-peoplerun-ai-installation-loop/,404,error,
1050,micro-expand-component-magazine-1-standard-v1-1,Micro Expand Component (Magazine 1 Standard v1.1),https://peoplerun.ai/micro-expand-component-magazine-1-standard-v1-1/,404,error,
